owl:Class,dct:identifier,ex:Theatercode,ex:ThKuerzel,ex:OrtTheater,ex:OrtTheateraktuell,schema:director,schema:addressLocality,schema:addressRegion,schema:postalCode,schema:startDate,schema:endDate,ex:CodeSpielzeit
spa:Stammdaten,STS-Stammdaten00000001,50002,Aarau: ISB,Aarau: Innerstadtbühne,Aarau: Innerstadtbühne,(Kollektiv),Aarau,AG,5000,1965/66,1981/82,500021965/66
spa:Stammdaten,STS-Stammdaten00000002,50001,AG: Marie,Aarau: Theater Marie,Luzern: Theater M.A.R.I.A.,00/Kollektiv,Aarau,AG,5000,1983/84,1987/88,500011983/84
spa:Stammdaten,STS-Stammdaten00000003,50001,AG: Marie,Aarau: Theater Marie,Aarau: Freies Theater M.A.R.I.A.unser,00/Kollektiv,Aarau,AG,5000,1988/89,1992/93,500011988/89
spa:Stammdaten,STS-Stammdaten00000004,50001,AG: Marie,Aarau: Theater Marie,Aarau: Theater M.A.R.I.A.,00/Kollektiv,Aarau,AG,5000,1993/94,1997/98,500011993/94
spa:Stammdaten,STS-Stammdaten00000005,50001,AG: Marie,Aarau: Theater Marie,Aarau: Theater Marie,00/Kollektiv,Aarau,AG,5000,1998/99,2001/02,500011998/99
spa:Stammdaten,STS-Stammdaten00000006,50001,AG: Marie,Aarau: Theater Marie,Aarau: Theater Marie,"Lilian Naef, Susanne Morger",Aarau,AG,5000,2002/03,2006/07,500012002/03
spa:Stammdaten,STS-Stammdaten00000007,50001,AG: Marie,Aarau: Theater Marie,Aarau: Theater Marie,"Nils Torpus, Markus Speck",Aarau,AG,5000,2007/08,2011/12,500012007/08
spa:Stammdaten,STS-Stammdaten00000008,50001,AG: Marie,Aarau: Theater Marie,Aarau: Theater Marie,"Olivier Keller, Patric Bachmann, Pascal Nater, Erik Noorlander",Aarau,AG,5000,2012/13,2016/17 (ff),500012012/13
spa:Stammdaten,STS-Stammdaten00000009,54001,Bdn: Claque,Baden: Claque,Baden: Claque,Jean Grädel,Baden,AG,5400,1970/71,1974/75,540011970/71
spa:Stammdaten,STS-Stammdaten00000010,54001,Bdn: Claque,Baden: Claque,Baden: Claque,00/Kollektiv,Baden,AG,5400,1975/76,1992/93,540011975/76
spa:Stammdaten,STS-Stammdaten00000011,54002,Bdn: Kurtheater,Baden: Kurtheater,Baden: Kurtheater,Theatergemeinde Baden,Baden,AG,5400,1962/63,2016/17 (ff),540021962/63
spa:Stammdaten,STS-Stammdaten00000012,54003,Bdn: Flamencos,Baden: Tanzcompagnie Flamencos en route,Baden: Tanzcompagnie Flamencos en route,"Susana, Brigitta Luisa Merki",Baden,AG,5400,1984,1990,540031984
spa:Stammdaten,STS-Stammdaten00000013,54003,Bdn: Flamencos,Baden: Tanzcompagnie Flamencos en route,Baden: Tanzcompagnie Flamencos en route,"Brigitta Luisa Merki, Teresa Martin",Baden,AG,5400,1991,1994,540031991
spa:Stammdaten,STS-Stammdaten00000014,54003,Bdn: Flamencos,Baden: Tanzcompagnie Flamencos en route,Baden: Tanzcompagnie Flamencos en route,Brigitta Luisa Merki,Baden,AG,5400,1995,2017 (ff),540031995
spa:Stammdaten,STS-Stammdaten00000015,40003,BS: BS Th,Basel: Basler TheaterBasel: Basler TheaterBasel: Theater Basel Basel: Theater Basel Basel: Theater Basel Basel: Theater Basel Basel: Theater Basel ,Basel: Basler Theater,Werner Düggelin,Basel,BS,4000,1968/69,1974/75,400031968/69
spa:Stammdaten,STS-Stammdaten00000016,40003,BS: BS Th,Basel: Basler TheaterBasel: Basler TheaterBasel: Theater Basel Basel: Theater Basel Basel: Theater Basel Basel: Theater Basel Basel: Theater Basel ,Basel: Basler Theater,Hans Hollmann,Basel,BS,4000,1975/76,1977/78,400031975/76
spa:Stammdaten,STS-Stammdaten00000017,40003,BS: BS Th,Basel: Basler TheaterBasel: Basler TheaterBasel: Theater Basel Basel: Theater Basel Basel: Theater Basel Basel: Theater Basel Basel: Theater Basel ,Basel: Basler Theater,Horst Statkus,Basel,BS,4000,1978/79,1987/88,400031978/79
spa:Stammdaten,STS-Stammdaten00000018,40003,BS: BS Th,Basel: Basler TheaterBasel: Basler TheaterBasel: Theater Basel Basel: Theater Basel Basel: Theater Basel Basel: Theater Basel Basel: Theater Basel ,Basel: Theater Basel,Frank Baumbauer,Basel,BS,4000,1988/89,1992/93,400031988/89
spa:Stammdaten,STS-Stammdaten00000019,40003,BS: BS Th,Basel: Basler TheaterBasel: Basler TheaterBasel: Theater Basel Basel: Theater Basel Basel: Theater Basel Basel: Theater Basel Basel: Theater Basel ,Basel: Theater Basel,Wolfgang Zörner,Basel,BS,4000,1993/94,1993/94,400031993/94
spa:Stammdaten,STS-Stammdaten00000020,40003,BS: BS Th,Basel: Basler TheaterBasel: Basler TheaterBasel: Theater Basel Basel: Theater Basel Basel: Theater Basel Basel: Theater Basel Basel: Theater Basel ,Basel: Theater Basel,Hans Peter Doll,Basel,BS,4000,1994/95,1995/96,400031994/95
spa:Stammdaten,STS-Stammdaten00000021,40003,BS: BS Th,Basel: Basler TheaterBasel: Basler TheaterBasel: Theater Basel Basel: Theater Basel Basel: Theater Basel Basel: Theater Basel Basel: Theater Basel ,Basel: Theater Basel,Michael Schindhelm,Basel,BS,4000,1996/97,2005/06,400031996/97
spa:Stammdaten,STS-Stammdaten00000022,40003,BS: BS Th,Basel: Basler TheaterBasel: Basler TheaterBasel: Theater Basel Basel: Theater Basel Basel: Theater Basel Basel: Theater Basel Basel: Theater Basel ,Basel: Theater Basel,Georges Delnon,Basel,BS,4000,2006/07,2014/15,400032006/07
spa:Stammdaten,STS-Stammdaten00000023,40003,BS: BS Th,Basel: Basler TheaterBasel: Basler TheaterBasel: Theater Basel Basel: Theater Basel Basel: Theater Basel Basel: Theater Basel Basel: Theater Basel ,Basel: Theater Basel,Andreas Beck,Basel,BS,4000,2015/16,2016/17 (ff),400032015/16
spa:Stammdaten,STS-Stammdaten00000024,40002,BS: Kom,Basel: Komödie,Basel: Komödie,Egon Karter,Basel,BS,4000,1950/51,1967/68->,400021950/51
spa:Stammdaten,STS-Stammdaten00000025,40001,BS: StTh,Basel: Stadttheater,Basel: Stadttheater,Oskar Wälterlin,Basel,BS,4000,1925/26,1931/32,400011925/26
spa:Stammdaten,STS-Stammdaten00000026,40001,BS: StTh,Basel: Stadttheater,Basel: Stadttheater,Egon Neudegg,Basel,BS,4000,1932/33,1948/49,400011932/33
spa:Stammdaten,STS-Stammdaten00000027,40001,BS: StTh,Basel: Stadttheater,Basel: Stadttheater,Gottfried Becker/ Kurt Horwitz / Hans Thudium,Basel,BS,4000,1949/50,1949/50,400011949/50
spa:Stammdaten,STS-Stammdaten00000028,40001,BS: StTh,Basel: Stadttheater,Basel: Stadttheater,Friedrich Schramm,Basel,BS,4000,1950/51,1952/53,400011950/51
spa:Stammdaten,STS-Stammdaten00000029,40001,BS: StTh,Basel: Stadttheater,Basel: Stadttheater,Albert Wiesner,Basel,BS,4000,1953/54,1953/54,400011953/54
spa:Stammdaten,STS-Stammdaten00000030,40001,BS: StTh,Basel: Stadttheater,Basel: Stadttheater,Hermann Wedekind,Basel,BS,4000,1954/55,1959/60,400011954/55
spa:Stammdaten,STS-Stammdaten00000031,40001,BS: StTh,Basel: Stadttheater,Basel: Stadttheater,Adolf Zogg,Basel,BS,4000,1960/61,1961/62,400011960/61
spa:Stammdaten,STS-Stammdaten00000032,40001,BS: StTh,Basel: Stadttheater,Basel: Stadttheater,Friedrich Schramm,Basel,BS,4000,1962/63,1967/68->,400011962/63
spa:Stammdaten,STS-Stammdaten00000033,40001,BS: StTh,Basel: Stadttheater,Basel: Stadttheater,"Weinmüller, Johannes",Basel,BS,4000,1834/35,1834/35,400011834/35
spa:Stammdaten,STS-Stammdaten00000034,40001,BS: StTh,Basel: Stadttheater,Basel: Stadttheater,"Stöger, G. H.",Basel,BS,4000,1835/36,1835/36,400011835/36
spa:Stammdaten,STS-Stammdaten00000035,40001,BS: StTh,Basel: Stadttheater,Basel: Stadttheater,"Hehl, Carl Gustav",Basel,BS,4000,1836/37,1836/37,400011836/37
spa:Stammdaten,STS-Stammdaten00000036,40001,BS: StTh,Basel: Stadttheater,Basel: Stadttheater,"Blume, G.",Basel,BS,4000,1837/38,1837/38,400011837/38
spa:Stammdaten,STS-Stammdaten00000037,40001,BS: StTh,Basel: Stadttheater,Basel: Stadttheater,"Hehl, Carl Gustav",Basel,BS,4000,1838/39,1839/40,400011838/39
spa:Stammdaten,STS-Stammdaten00000038,40001,BS: StTh,Basel: Stadttheater,Basel: Stadttheater,"Deahna, H. / Schnepf, J. / Deahna, Wilhelmine",Basel,BS,4000,1840/41,1840/41,400011840/41
spa:Stammdaten,STS-Stammdaten00000039,40001,BS: StTh,Basel: Stadttheater,Basel: Stadttheater,"Schmidt, Carl",Basel,BS,4000,1841/42,1842/43,400011841/42
spa:Stammdaten,STS-Stammdaten00000040,40001,BS: StTh,Basel: Stadttheater,Basel: Stadttheater,"Zoller, Joseph",Basel,BS,4000,1843/44,1844/45,400011843/44
spa:Stammdaten,STS-Stammdaten00000041,40001,BS: StTh,Basel: Stadttheater,Basel: Stadttheater,"Hehl, Carl Gustav",Basel,BS,4000,1845/46,1845/46,400011845/46
spa:Stammdaten,STS-Stammdaten00000042,40001,BS: StTh,Basel: Stadttheater,Basel: Stadttheater,"Edele, J. / Kramer, Philipp Walburg",Basel,BS,4000,1846/47,1846/47,400011846/47
spa:Stammdaten,STS-Stammdaten00000043,40001,BS: StTh,Basel: Stadttheater,Basel: Stadttheater,"Hehl, Carl Gustav",Basel,BS,4000,1847/48,1847/48,400011847/48
spa:Stammdaten,STS-Stammdaten00000044,40001,BS: StTh,Basel: Stadttheater,Basel: Stadttheater,"Hehl, Carl Gustav / Frey, Carl",Basel,BS,4000,1848/49,1848/49,400011848/49
spa:Stammdaten,STS-Stammdaten00000045,40001,BS: StTh,Basel: Stadttheater,Basel: Stadttheater,"Frey, Carl / Hehl, Carl Gustav",Basel,BS,4000,1849/50,1849/50,400011849/50
spa:Stammdaten,STS-Stammdaten00000046,40001,BS: StTh,Basel: Stadttheater,Basel: Stadttheater,"Hehl, Carl Gustav / Dupuis, L.",Basel,BS,4000,1850/51,1850/51,400011850/51
spa:Stammdaten,STS-Stammdaten00000047,40001,BS: StTh,Basel: Stadttheater,Basel: Stadttheater,"Hehl, Carl Gustav",Basel,BS,4000,1851/52,1852/53,400011851/52
spa:Stammdaten,STS-Stammdaten00000048,40001,BS: StTh,Basel: Stadttheater,Basel: Stadttheater,"Schumann, August",Basel,BS,4000,1854/55,1856/57,400011854/55
spa:Stammdaten,STS-Stammdaten00000049,40001,BS: StTh,Basel: Stadttheater,Basel: Stadttheater,"Kramer, Jakob",Basel,BS,4000,1857/58,1857/58,400011857/58
spa:Stammdaten,STS-Stammdaten00000050,40001,BS: StTh,Basel: Stadttheater,Basel: Stadttheater,"Neukirch, G.",Basel,BS,4000,1858/59,1859/60,400011858/59
spa:Stammdaten,STS-Stammdaten00000051,40001,BS: StTh,Basel: Stadttheater,Basel: Stadttheater,"Walther, Ernst",Basel,BS,4000,1860/61,1860/61,400011860/61
spa:Stammdaten,STS-Stammdaten00000052,40001,BS: StTh,Basel: Stadttheater,Basel: Stadttheater,"Engelken, Friedrich",Basel,BS,4000,1861/62,1861/62,400011861/62
spa:Stammdaten,STS-Stammdaten00000053,40001,BS: StTh,Basel: Stadttheater,Basel: Stadttheater,"Walther, Ernst",Basel,BS,4000,1862/63,1862/63,400011862/63
spa:Stammdaten,STS-Stammdaten00000054,40001,BS: StTh,Basel: Stadttheater,Basel: Stadttheater,"Kramer, Philipp Walburg",Basel,BS,4000,1863/64,1864/65,400011863/64
spa:Stammdaten,STS-Stammdaten00000055,40001,BS: StTh,Basel: Stadttheater,Basel: Stadttheater,"Saller, Jakob",Basel,BS,4000,1865/66,1865/66,400011865/66
spa:Stammdaten,STS-Stammdaten00000056,40001,BS: StTh,Basel: Stadttheater,Basel: Stadttheater,"Engelken, Friedrich",Basel,BS,4000,1866/67,1867/68,400011866/67
spa:Stammdaten,STS-Stammdaten00000057,40001,BS: StTh,Basel: Stadttheater,Basel: Stadttheater,"Kramer, Philipp Walburg",Basel,BS,4000,1868/69,1868/69,400011868/69
spa:Stammdaten,STS-Stammdaten00000058,40001,BS: StTh,Basel: Stadttheater,Basel: Stadttheater,"Sowade, Eduard",Basel,BS,4000,1869/70,1870/71,400011869/70
spa:Stammdaten,STS-Stammdaten00000059,40001,BS: StTh,Basel: Stadttheater,Basel: Stadttheater,"Böhlken, Wilhelm",Basel,BS,4000,1871/72,1872/73,400011871/72
spa:Stammdaten,STS-Stammdaten00000060,40001,BS: StTh,Basel: Stadttheater,Basel: Stadttheater,"NEUBAU THEATER, keine Aufführungen",Basel,BS,4000,1873/74,1874/75,400011873/74
spa:Stammdaten,STS-Stammdaten00000061,40001,BS: StTh,Basel: Stadttheater,Basel: Stadttheater,"Grosse, August",Basel,BS,4000,1875/76,1878/79,400011875/76
spa:Stammdaten,STS-Stammdaten00000062,40001,BS: StTh,Basel: Stadttheater,Basel: Stadttheater,"Aman, Andreas August",Basel,BS,4000,1879/80,1880/81,400011879/80
spa:Stammdaten,STS-Stammdaten00000063,40001,BS: StTh,Basel: Stadttheater,Basel: Stadttheater,"Schirmer, Albert",Basel,BS,4000,1881/82,1883/84,400011881/82
spa:Stammdaten,STS-Stammdaten00000064,40001,BS: StTh,Basel: Stadttheater,Basel: Stadttheater,"Ubrich, Ludwig",Basel,BS,4000,1884/85,1884/85,400011884/85
spa:Stammdaten,STS-Stammdaten00000065,40001,BS: StTh,Basel: Stadttheater,Basel: Stadttheater,"Grunder, Wilhelm",Basel,BS,4000,1885/86,1885/86,400011885/86
spa:Stammdaten,STS-Stammdaten00000066,40001,BS: StTh,Basel: Stadttheater,Basel: Stadttheater,"Grosse, August",Basel,BS,4000,1886/87,1887/88,400011886/87
spa:Stammdaten,STS-Stammdaten00000067,40001,BS: StTh,Basel: Stadttheater,Basel: Stadttheater,"Morwitz, Heinrich",Basel,BS,4000,1888/89,1891/92,400011888/89
spa:Stammdaten,STS-Stammdaten00000068,40001,BS: StTh,Basel: Stadttheater,Basel: Stadttheater,"Schwabe-Hegar, Hugo",Basel,BS,4000,1892/93,1897/98,400011892/93
spa:Stammdaten,STS-Stammdaten00000069,40001,BS: StTh,Basel: Stadttheater,Basel: Stadttheater,"Schwabe-Hegar, Hugo / Melitz, Leo",Basel,BS,4000,1898/99,1898/99,400011898/99
spa:Stammdaten,STS-Stammdaten00000070,40001,BS: StTh,Basel: Stadttheater,Basel: Stadttheater,"Melitz, Leo",Basel,BS,4000,1899/00,1905/06,400011899/00
spa:Stammdaten,STS-Stammdaten00000071,40001,BS: StTh,Basel: Stadttheater,Basel: Stadttheater,"NEUBAU THEATER, keine Aufführungen",Basel,BS,4000,1906/07,1908/09,400011906/07
spa:Stammdaten,STS-Stammdaten00000072,40001,BS: StTh,Basel: Stadttheater,Basel: Stadttheater,"Melitz, Leo",Basel,BS,4000,1909/10,1918/19,400011909/10
spa:Stammdaten,STS-Stammdaten00000073,40001,BS: StTh,Basel: Stadttheater,Basel: Stadttheater,Dr. Ernst Lert,Basel,BS,4000,1919/20,1919/20,400011919/20
spa:Stammdaten,STS-Stammdaten00000074,40001,BS: StTh,Basel: Stadttheater,Basel: Stadttheater,Ausschuss unter Leitung von Kapellmeister Gottfried Becker,Basel,BS,4000,1920/21,1920/21,400011920/21
spa:Stammdaten,STS-Stammdaten00000075,40001,BS: StTh,Basel: Stadttheater,Basel: Stadttheater,Otto Henning,Basel,BS,4000,1921/22,1924/25,400011921/22
spa:Stammdaten,STS-Stammdaten00000076,30002,BE: AT,Bern: Atelier-TheaterBern: Das Theater an der Effingerstrasse,Bern: Atelier-Theater,Adolf Spalinger,Bern,BE,3000,1951/52,1954/55,300021951/52
spa:Stammdaten,STS-Stammdaten00000077,30002,BE: AT,Bern: Atelier-TheaterBern: Das Theater an der Effingerstrasse,Bern: Atelier-Theater,Raoul Alster,Bern,BE,3000,1955/56,1961/62,300021955/56
spa:Stammdaten,STS-Stammdaten00000078,30002,BE: AT,Bern: Atelier-TheaterBern: Das Theater an der Effingerstrasse,Bern: Atelier-Theater,Rudolf Wessely,Bern,BE,3000,1962/63,1964/65,300021962/63
spa:Stammdaten,STS-Stammdaten00000079,30002,BE: AT,Bern: Atelier-TheaterBern: Das Theater an der Effingerstrasse,Bern: Atelier-Theater,Ernst Ernsthoff,Bern,BE,3000,1965/66,1969/70,300021965/66
spa:Stammdaten,STS-Stammdaten00000080,30002,BE: AT,Bern: Atelier-TheaterBern: Das Theater an der Effingerstrasse,Bern: Atelier-Theater,Emil Stöhr,Bern,BE,3000,1970/71,1974/75,300021970/71
spa:Stammdaten,STS-Stammdaten00000081,30002,BE: AT,Bern: Atelier-TheaterBern: Das Theater an der Effingerstrasse,Bern: Atelier-Theater,Urs Bürgin/ Susi Matthys,Bern,BE,3000,1975/76,1977/78,300021975/76
spa:Stammdaten,STS-Stammdaten00000082,30002,BE: AT,Bern: Atelier-TheaterBern: Das Theater an der Effingerstrasse,Bern: Atelier-Theater,Dieter Stürmer,Bern,BE,3000,1978/79,1981/82,300021978/79
spa:Stammdaten,STS-Stammdaten00000083,30002,BE: AT,Bern: Atelier-TheaterBern: Das Theater an der Effingerstrasse,Bern: Atelier-Theater,Susi Matthys/ Kurt Wanzenried,Bern,BE,3000,1982/83,1982/83,300021982/83
spa:Stammdaten,STS-Stammdaten00000084,30002,BE: AT,Bern: Atelier-TheaterBern: Das Theater an der Effingerstrasse,Bern: Atelier-Theater,Wolfgang Schön,Bern,BE,3000,1983/84,1986/87,300021983/84
spa:Stammdaten,STS-Stammdaten00000085,30002,BE: AT,Bern: Atelier-TheaterBern: Das Theater an der Effingerstrasse,Bern: Atelier-Theater,Michael Wedekind,Bern,BE,3000,1987/88,1991/92,300021987/88
spa:Stammdaten,STS-Stammdaten00000086,30002,BE: AT,Bern: Atelier-TheaterBern: Das Theater an der Effingerstrasse,Bern: Atelier-Theater,Kurt Wanzenried,Bern,BE,3000,1992/93,1995/96,300021992/93
spa:Stammdaten,STS-Stammdaten00000087,30002,BE: AT,Bern: Atelier-TheaterBern: Das Theater an der Effingerstrasse,Bern: Das Theater an der Effingerstrasse,Ernst Gosteli/ Markus Keller,Bern,BE,3000,1996/97,2014/15 (ff),300021996/97
spa:Stammdaten,STS-Stammdaten00000088,30002,BE: AT,Bern: Atelier-TheaterBern: Das Theater an der Effingerstrasse,Bern: Das Theater an der Effingerstrasse,Markus Keller,Bern,BE,3000,2015/16,2016/17 (ff),300022015/16
spa:Stammdaten,STS-Stammdaten00000089,30009,Bern: Aua,Bern: Aua wir leben,Bern: Aua wir leben,Team,Bern,BE,3000,1983,2017 (ff),300091983
spa:Stammdaten,STS-Stammdaten00000090,30003,BE: Rampe,Bern: Galerietheater Die Rampe,Bern: Galerietheater Die Rampe,Bernhard Stirnemann,Bern,BE,3000,1960/61,1981/82 (),300031960/61
spa:Stammdaten,STS-Stammdaten00000091,30008,BE: Kleinth.,Bern: Kleintheater Kramgasse 6,Bern: Kleintheater Kramgasse 6,Thomas Nyffeler,Bern,BE,3000,1960/61,2008/09,300081960/61
spa:Stammdaten,STS-Stammdaten00000092,30010,Bern: MimeBE,Bern: Mime Bern,Bern: Mime Bern,Ernst Georg Böttger,Bern,BE,3000,1970/71,2003/04,300101970/71
spa:Stammdaten,STS-Stammdaten00000093,30011,BE: Schlachthaus,Bern: Schlachthaus Theater,Bern: Schlachthaus Theater,"Sandro Lunin, Urs Rietmann, Friedrich A. Roesner",Bern,BE,3000,1997/98,1998/99,300111997/98
spa:Stammdaten,STS-Stammdaten00000094,30011,BE: Schlachthaus,Bern: Schlachthaus Theater,Bern: Schlachthaus Theater,"Sandro Lunin, Urs Rietmann, Friedrich A. Roesner (bis 20.12.1999)",Bern,BE,3000,1999/00,1999/00,300111999/00
spa:Stammdaten,STS-Stammdaten00000095,30011,BE: Schlachthaus,Bern: Schlachthaus Theater,Bern: Schlachthaus Theater,"Sandro Lunin, Urs Rietmann",Bern,BE,3000,2000/01,2002/03,300112000/01
spa:Stammdaten,STS-Stammdaten00000096,30011,BE: Schlachthaus,Bern: Schlachthaus Theater,Bern: Schlachthaus Theater,"Sandro Lunin, Myriam Prongué",Bern,BE,3000,2003/04,2006/07,300112003/04
spa:Stammdaten,STS-Stammdaten00000097,30011,BE: Schlachthaus,Bern: Schlachthaus Theater,Bern: Schlachthaus Theater,"Raphael Urweider, Carol Blanc, Myriam Prongué",Bern,BE,3000,2007/08,2008/09,300112007/08
spa:Stammdaten,STS-Stammdaten00000098,30011,BE: Schlachthaus,Bern: Schlachthaus Theater,Bern: Schlachthaus Theater,"Raphael Urweider (bis Dez. 2009), Maike Lex (ab Jan 2010), Carol Blanc, Myriam Prongué",Bern,BE,3000,2009/10,2009/10,300112009/10
spa:Stammdaten,STS-Stammdaten00000099,30011,BE: Schlachthaus,Bern: Schlachthaus Theater,Bern: Schlachthaus Theater,"Maike Lex, Carol Blanc, Myriam Prongué",Bern,BE,3000,2010/11,2012/13,300112010/11
spa:Stammdaten,STS-Stammdaten00000100,30011,BE: Schlachthaus,Bern: Schlachthaus Theater,Bern: Schlachthaus Theater,"Maike Lex, Carol Blanc, Myriam Prongué (bis Dez. 2013)",Bern,BE,3000,2013/14,2013/14,300112013/14
spa:Stammdaten,STS-Stammdaten00000101,30011,BE: Schlachthaus,Bern: Schlachthaus Theater,Bern: Schlachthaus Theater,"Maike Lex, Carol Blanc",Bern,BE,3000,2014/15,2014/15 (ff),300112014/15
spa:Stammdaten,STS-Stammdaten00000102,30011,BE: Schlachthaus,Bern: Schlachthaus Theater,Bern: Schlachthaus Theater,Maike Lex,Bern,BE,3000,2015/16,2016/17,300112015/16
spa:Stammdaten,STS-Stammdaten00000103,30001,BE: StTh,Bern: Stadttheater,Bern: Stadttheater,Georg Kiedaisch,Bern,BE,3000,1903/04,1905/06,300011903/04
spa:Stammdaten,STS-Stammdaten00000104,30001,BE: StTh,Bern: Stadttheater,Bern: Stadttheater,Alfred Stender-Stefani/ Julius Bergmann,Bern,BE,3000,1906/07,1906/07,300011906/07
spa:Stammdaten,STS-Stammdaten00000105,30001,BE: StTh,Bern: Stadttheater,Bern: Stadttheater,Julius Bergmann,Bern,BE,3000,1907/08,1907/08,300011907/08
spa:Stammdaten,STS-Stammdaten00000106,30001,BE: StTh,Bern: Stadttheater,Bern: Stadttheater,Benno Koebke,Bern,BE,3000,1908/09,1913/14,300011908/09
spa:Stammdaten,STS-Stammdaten00000107,30001,BE: StTh,Bern: Stadttheater,Bern: Stadttheater,Albert Kehm,Bern,BE,3000,1914/15,1919/20,300011914/15
spa:Stammdaten,STS-Stammdaten00000108,30001,BE: StTh,Bern: Stadttheater,Bern: Stadttheater,Karl Ludwig Peppler,Bern,BE,3000,1920/21,1924/25,300011920/21
spa:Stammdaten,STS-Stammdaten00000109,30001,BE: StTh,Bern: Stadttheater,Bern: Stadttheater,Hans Kaufmann,Bern,BE,3000,1925/26,1930/31,300011925/26
spa:Stammdaten,STS-Stammdaten00000110,30001,BE: StTh,Bern: Stadttheater,Bern: Stadttheater,Karl Lustig-Prean,Bern,BE,3000,1931/32,1933/34,300011931/32
spa:Stammdaten,STS-Stammdaten00000111,30001,BE: StTh,Bern: Stadttheater,Bern: Stadttheater,Hans Zimmermann,Bern,BE,3000,1934/35,1936/37,300011934/35
spa:Stammdaten,STS-Stammdaten00000112,30001,BE: StTh,Bern: Stadttheater,Bern: Stadttheater,Eugen Keller,Bern,BE,3000,1937/38,1946/47,300011937/38
spa:Stammdaten,STS-Stammdaten00000113,30001,BE: StTh,Bern: Stadttheater,Bern: Stadttheater,Ekkehard Kohlund,Bern,BE,3000,1947/48,1952/53,300011947/48
spa:Stammdaten,STS-Stammdaten00000114,30001,BE: StTh,Bern: Stadttheater,Bern: Stadttheater,Stephan Beinl,Bern,BE,3000,1953/54,1958/59,300011953/54
spa:Stammdaten,STS-Stammdaten00000115,30001,BE: StTh,Bern: Stadttheater,Bern: Stadttheater,Raoul Alster/ Lois Egg/ Rudolf Hesse,Bern,BE,3000,1959/60,1959/60,300011959/60
spa:Stammdaten,STS-Stammdaten00000116,30001,BE: StTh,Bern: Stadttheater,Bern: Stadttheater,Walter Oberer,Bern,BE,3000,1960/61,1978/79,300011960/61
spa:Stammdaten,STS-Stammdaten00000117,30001,BE: StTh,Bern: Stadttheater,Bern: Stadttheater,Wolfgang Zörner,Bern,BE,3000,1979/80,1980/81,300011979/80
spa:Stammdaten,STS-Stammdaten00000118,30001,BE: StTh,Bern: Stadttheater,Bern: Stadttheater,Peter Borchardt/ Ernst Gosteli/ Edgar Kelling,Bern,BE,3000,1981/82,1986/87,300011981/82
spa:Stammdaten,STS-Stammdaten00000119,30001,BE: StTh,Bern: Stadttheater,Bern: Stadttheater,Philippe de Bros,Bern,BE,3000,1987/88,1989/90,300011987/88
spa:Stammdaten,STS-Stammdaten00000120,30001,BE: StTh,Bern: Stadttheater,Bern: Stadttheater,Edgar Kelling,Bern,BE,3000,1990/91,1990/91,300011990/91
spa:Stammdaten,STS-Stammdaten00000121,30001,BE: StTh,Bern: Stadttheater,Bern: Stadttheater,Eike Gramss,Bern,BE,3000,1991/92,2006/07,300011991/92
spa:Stammdaten,STS-Stammdaten00000122,30001,BE: StTh,Bern: Stadttheater,Bern: Stadttheater,Marc Adam,Bern,BE,3000,2007/08,2010/11,300012007/08
spa:Stammdaten,STS-Stammdaten00000123,30001,BE: StTh,Bern: Stadttheater,Bern: Stadttheater,Marc Adam /Stefan Märki,Bern,BE,3000,2011/12,2011/12 ,300012011/12
spa:Stammdaten,STS-Stammdaten00000124,30001,BE: StTh,Bern: Stadttheater,Bern: Konzert Theater Bern,Stefan Märki,Bern,BE,3000,2012/13,2016/17 (ff),300012012/13
spa:Stammdaten,STS-Stammdaten00000125,30005,BE: StaM,Bern: Studio am Montag,Bern: Studio am Montag,Norbert Klassen,Bern,BE,3000,1970/71,1973/74,300051970/71
spa:Stammdaten,STS-Stammdaten00000126,30005,BE: StaM,Bern: Studio am Montag,Bern: Studio am Montag,Norbert Klassen/ Hugo Ramseyer,Bern,BE,3000,1974/75,1976/77,300051974/75
spa:Stammdaten,STS-Stammdaten00000127,30005,BE: StaM,Bern: Studio am Montag,Bern: Theater-Kollektiv Studio am Montag,Norbert Klassen,Bern,BE,3000,1977/78,1986/87,300051977/78
spa:Stammdaten,STS-Stammdaten00000128,30005,BE: StaM,Bern: Studio am Montag,Bern: STOP.P.T.,Norbert Klassen,Bern,BE,3000,1987/88,2002/03,300051987/88
spa:Stammdaten,STS-Stammdaten00000129,30006,BE: 1230,Bern: Theater 1230,Bern: Theater 1230,Peter Schneider,Bern,BE,3000,1978/79,1978/79,300061978/79
spa:Stammdaten,STS-Stammdaten00000130,30006,BE: 1230,Bern: Theater 1230,Bern: Theater 1230,Regina Christen/ Peter Schneider/ Werner Wüthrich,Bern,BE,3000,1979/80,1981/82,300061979/80
spa:Stammdaten,STS-Stammdaten00000131,30006,BE: 1230,Bern: Theater 1230,Bern: Theater 1230,Regina Christen/ Peter Schneider,Bern,BE,3000,1982/83,1989/90,300061982/83
spa:Stammdaten,STS-Stammdaten00000132,30006,BE: 1230,Bern: Theater 1230,Bern: Theater 1230,Regina Christen/ Annemarie Voss,Bern,BE,3000,1990/91,1992/93,300061990/91
spa:Stammdaten,STS-Stammdaten00000133,30006,BE: 1230,Bern: Theater 1230,Bern: Theater 1230,Regina Christen,Bern,BE,3000,1993/94,1997/98,300061993/94
spa:Stammdaten,STS-Stammdaten00000134,30004,BE: ThaKt,Bern: Theater am Käfigturm,Bern: Theater am Käfigturm,Hugo Ramseyer,Bern,BE,3000,1967/68,1967/68,300041967/68
spa:Stammdaten,STS-Stammdaten00000135,30004,BE: ThaKt,Bern: Theater am Käfigturm,Bern: Theater am Käfigturm,Bernhard Stirnemann,Bern,BE,3000,1968/69,1969/70,300041968/69
spa:Stammdaten,STS-Stammdaten00000136,30004,BE: ThaKt,Bern: Theater am Käfigturm,Bern: Theater am Käfigturm,Heinz Zimmermann,Bern,BE,3000,1970/71,1970/71,300041970/71
spa:Stammdaten,STS-Stammdaten00000137,30007,BE: Zähr,Bern: Zähringer-Refugium,Bern: Zähringer-Refugium,"Hugo Ramseyer, Susi Aeberhard, Walter Maurhofer",Bern,BE,3000,1969/70,1978/79,300071969/70
spa:Stammdaten,STS-Stammdaten00000138,30007,BE: Zähr,Bern: Zähringer-Refugium,Bern: Zähringer-Refugium,Hugo Ramseyer,Bern,BE,3000,1979/80,1993/94,300071979/80
spa:Stammdaten,STS-Stammdaten00000139,30007,BE: Zähr,Bern: Zähringer-Refugium,Bern: Zähringer-Refugium,"Hugo Ramseyer, Catherine Marty",Bern,BE,3000,1994/95,1994/95,300071994/95
spa:Stammdaten,STS-Stammdaten00000140,25001,BI-SO: StBTh,Biel-Solothurn: Städtebundtheater,Biel-Solothurn: Städtebundtheater,Leo Delsen,Biel,BE,2500,1927/28,1954/55,250011927/28
spa:Stammdaten,STS-Stammdaten00000141,25001,BI-SO: StBTh,Biel-Solothurn: Städtebundtheater,Biel-Solothurn: Städtebundtheater,Markus Breitner,Biel,BE,2500,1955/56,1965/66,250011955/56
spa:Stammdaten,STS-Stammdaten00000142,25001,BI-SO: StBTh,Biel-Solothurn: Städtebundtheater,Biel-Solothurn: Städtebundtheater,Carl-Heinrich Kreith,Biel,BE,2500,1966/67,1966/67,250011966/67
spa:Stammdaten,STS-Stammdaten00000143,25001,BI-SO: StBTh,Biel-Solothurn: Städtebundtheater,Biel-Solothurn: Städtebundtheater,Markus Breitner,Biel,BE,2500,1967/68,1967/68,250011967/68
spa:Stammdaten,STS-Stammdaten00000144,25001,BI-SO: StBTh,Biel-Solothurn: Städtebundtheater,Biel-Solothurn: Städtebundtheater,Heinz Zimmermann,Biel,BE,2500,1968/69,1969/70,250011968/69
spa:Stammdaten,STS-Stammdaten00000145,25001,BI-SO: StBTh,Biel-Solothurn: Städtebundtheater,Biel-Solothurn: Städtebundtheater,Hanspeter Blumer,Biel,BE,2500,1970/71,1970/71,250011970/71
spa:Stammdaten,STS-Stammdaten00000146,25001,BI-SO: StBTh,Biel-Solothurn: Städtebundtheater,"Biel-Solothurn: Städtebundtheater (Schliessung, Gastspielbetrieb)",Urs Mühlethaler (Leitung Gastspielbetrieb),Biel,BE,2500,1971/72,1971/72,250011971/72
spa:Stammdaten,STS-Stammdaten00000147,25001,BI-SO: StBTh,Biel-Solothurn: Städtebundtheater,Biel-Solothurn: Städtebundtheater,Alex Freihart,Biel,BE,2500,1972/73,1982/83,250011972/73
spa:Stammdaten,STS-Stammdaten00000148,25001,BI-SO: StBTh,Biel-Solothurn: Städtebundtheater,Biel-Solothurn: Städtebundtheater,Peter-Andreas Bojack,Biel,BE,2500,1983/84,1994/95,250011983/84
spa:Stammdaten,STS-Stammdaten00000149,25001,BI-SO: StBTh,Biel-Solothurn: Städtebundtheater,Biel-Solothurn: Städtebundtheater,Hans Heinrich Rüegg,Biel,BE,2500,1995/96,1995/96,250011995/96
spa:Stammdaten,STS-Stammdaten00000150,25001,BI-SO: StBTh,Biel-Solothurn: Städtebundtheater,Biel-Solothurn: ensemb!e Theater der Regionen,Peter Theiler,Biel,BE,2500,1996/97,2000/01,250011996/97
spa:Stammdaten,STS-Stammdaten00000151,25001,BI-SO: StBTh,Biel-Solothurn: Städtebundtheater,Biel-Solothurn: ensemb!e Theater der Regionen,Anton Stocker,Biel,BE,2500,2001/02,2001/02,250012001/02
spa:Stammdaten,STS-Stammdaten00000152,25001,BI-SO: StBTh,Biel-Solothurn: Städtebundtheater,Biel-Solothurn: Theater Biel Solothurn,Hans J. Ammann,Biel,BE,2500,2002/03,2006/07 ,250012002/03
spa:Stammdaten,STS-Stammdaten00000153,25001,BI-SO: StBTh,Biel-Solothurn: Städtebundtheater,Biel-Solothurn: Theater Biel Solothurn,Beat Wyrsch,Biel,BE,2500,2007/08,2012/13,250012007/08
spa:Stammdaten,STS-Stammdaten00000154,25001,BI-SO: StBTh,Biel-Solothurn: Städtebundtheater,Biel-Solothurn: Theater Orchester Biel Solothurn,Dieter Kaegi,Biel,BE,2500,2013/14,2016/17 (ff),250012013/14
spa:Stammdaten,STS-Stammdaten00000155,25002,Biel: OGB,Biel: Musiktheater OGB siehe: StBTh,Biel: Musiktheater OGB siehe: StBTh,Eduard Benz,Biel,BE,2500,1971/72,1995/96 (),250021971/72
spa:Stammdaten,STS-Stammdaten00000156,23001,ChdF: TPR,Chaux-de-Fonds (La): Théâtre Populaire Romand TPR,Chaux-de-Fonds (La): Théâtre Populaire Romand TPR,Charles Joris,Chaux-de-Fonds,NE,2300,1961/62,2000/01,230011961/62
spa:Stammdaten,STS-Stammdaten00000157,23001,ChdF: TPR,Chaux-de-Fonds (La): Théâtre Populaire Romand TPR,Chaux-de-Fonds (La): Théâtre Populaire Romand TPR,Gino Zampieri,Chaux-de-Fonds,NE,2300,2001/02,2008/09,230012001/02
spa:Stammdaten,STS-Stammdaten00000158,23001,ChdF: TPR,Chaux-de-Fonds (La): Théâtre Populaire Romand TPR,Chaux-de-Fonds (La): Théâtre Populaire Romand TPR,Andrea Novicov,Chaux-de-Fonds,NE,2300,2009/10,2013/14,230012009/10
spa:Stammdaten,STS-Stammdaten00000159,23001,ChdF: TPR,Chaux-de-Fonds (La): Théâtre Populaire Romand TPR,Chaux-de-Fonds (La): Théâtre Populaire Romand TPR,John Voisard/ Anne Bisang,Chaux-de-Fonds,NE,2300,2014/15,2016/17 (ff),230012014/15
spa:Stammdaten,STS-Stammdaten00000160,70001,Chur: StTh,Chur: Stadttheater,Chur: Stadttheater,Markus Breitner,Chur,GR,7000,1945/46,1970/71,700011945/46
spa:Stammdaten,STS-Stammdaten00000161,70001,Chur: StTh,Chur: Stadttheater,Chur: Stadttheater,Reinhard Spörri,Chur,GR,7000,1971/72,1974/75,700011971/72
spa:Stammdaten,STS-Stammdaten00000162,70001,Chur: StTh,Chur: Stadttheater,Chur: Stadttheater,Hans Henn,Chur,GR,7000,1975/76,1986/87,700011975/76
spa:Stammdaten,STS-Stammdaten00000163,70001,Chur: StTh,Chur: Stadttheater,Chur: Stadttheater,Georg Albrecht Eckle,Chur,GR,7000,1987/88,1991/92,700011987/88
spa:Stammdaten,STS-Stammdaten00000164,70001,Chur: StTh,Chur: Stadttheater,Chur: Stadttheater,Georg Albrecht Eckle / Heinrich Rüegg,Chur,GR,7000,1992/93,1992/93,700011992/93
spa:Stammdaten,STS-Stammdaten00000165,70001,Chur: StTh,Chur: Stadttheater,Chur: Stadttheater,Heinrich Rüegg,Chur,GR,7000,1993/94,1999/00,700011993/94
spa:Stammdaten,STS-Stammdaten00000166,70001,Chur: StTh,Chur: Stadttheater,Chur: Stadttheater,Andreas Berger,Chur,GR,7000,2000/01,2005/06,700012000/01
spa:Stammdaten,STS-Stammdaten00000167,70001,Chur: StTh,Chur: Stadttheater,Chur: Theater Chur,Markus Luchsinger,Chur,GR,7000,2006/07,2008/09,700012006/07
spa:Stammdaten,STS-Stammdaten00000168,70001,Chur: StTh,Chur: Stadttheater,Chur: Theater Chur,Markus Luchsinger / Mathias Balzer / Ute Haferburg,Chur,GR,7000,2009/10,2009/10,700012009/10
spa:Stammdaten,STS-Stammdaten00000169,70001,Chur: StTh,Chur: Stadttheater,Chur: Theater Chur,Ute Haferburg,Chur,GR,7000,2010/11,2014/15 (ff),700012010/11
spa:Stammdaten,STS-Stammdaten00000170,70001,Chur: StTh,Chur: Stadttheater,Chur: Theater Chur,Ute Haferburg / Anne-Marie Arioli,Chur,GR,7000,2015/16,2016/17 (ff),700012015/16
spa:Stammdaten,STS-Stammdaten00000171,41001,Dornach: NTaB,Dornach: Das Neue Theater am Bahnhof,Dornach: Das Neue Theater am Bahnhof,Georg Darvas,Dornach,BL,4143,2000/01,2010/11,410012000/01
spa:Stammdaten,STS-Stammdaten00000172,41001,Dornach: NTaB,Dornach: Das Neue Theater am Bahnhof,Dornach: Das Neue Theater am Bahnhof _ Zwischenhalt Arlesheim,Georg Darvas,Dornach,BL,4143,2011/12,2014/15,410012011/12
spa:Stammdaten,STS-Stammdaten00000173,41001,Dornach: NTaB,Dornach: Das Neue Theater am Bahnhof,Dornach: neuestheater.ch,Georg Darvas,Dornach,BL,4143,2015/16,2016/17 (ff),410012015/16
spa:Stammdaten,STS-Stammdaten00000174,17001,FR: Osses,Fribourg: Théâtre des Osses,Fribourg: Théâtre des Osses,Véronique Mermoud/ Gisèle Sallin,Fribourg,FR,1700,1977/78,2013/14,170011977/78
spa:Stammdaten,STS-Stammdaten00000175,17001,FR: Osses,Fribourg: Théâtre des Osses,Fribourg: Théâtre des Osses,Geneviève Pasquier/ Nicolas Rossier,Fribourg,FR,1700,2014/15,2016/17 (ff),170012014/15
spa:Stammdaten,STS-Stammdaten00000176,12008,GE: AmStGr,Genève: Am Stram Gram,Genève: Théâtre Am Stram Gram,Dominique Catton,Genève,GE,1200,1974/75,1994/95,120081974/75
spa:Stammdaten,STS-Stammdaten00000177,12008,GE: AmStGr,Genève: Am Stram Gram,Genève: Am Stram Gram Le Théâtre,Dominique Catton,Genève,GE,1200,1995/96,2011/12 ,120081995/96
spa:Stammdaten,STS-Stammdaten00000178,12008,GE: AmStGr,Genève: Am Stram Gram,Genève: Am Stram Gram,Fabrice Melquiot,Genève,GE,1200,2012/13,2016/17 (ff),120082012/13
spa:Stammdaten,STS-Stammdaten00000179,12002,GE: Com,Genève: Comédie (La),Genève: Comédie (La),Claude Stratz,Genève,GE,1200,1989/90,1998/99,120021989/90
spa:Stammdaten,STS-Stammdaten00000180,12002,GE: Com,Genève: Comédie (La),Genève: Comédie (La),Anne Bisang,Genève,GE,1200,1999/00,2010/11 (ff),120021999/00
spa:Stammdaten,STS-Stammdaten00000181,12002,GE: Com,Genève: Comédie (La),Genève: Comédie (La),Hervé Loichemol,Genève,GE,1200,2011/12,2015/16 (ff),120022011/12
spa:Stammdaten,STS-Stammdaten00000182,12002,GE: Com,Genève: Comédie (La),Genève: Comédie (La),Benno Besson,Genève,GE,1200,1982/83,1988/89,120021982/83
spa:Stammdaten,STS-Stammdaten00000183,12001,GE: GdTh,Genève: Grand Théâtre,Genève: Grand Théâtre,(Société romande de spectacles),Genève,GE,1200,1934/35,1961/62,120011934/35
spa:Stammdaten,STS-Stammdaten00000184,12001,GE: GdTh,Genève: Grand Théâtre,Genève: Grand Théâtre,Marcel Lamy,Genève,GE,1200,1962/63,1964/65,120011962/63
spa:Stammdaten,STS-Stammdaten00000185,12001,GE: GdTh,Genève: Grand Théâtre,Genève: Grand Théâtre,Herbert Graf,Genève,GE,1200,1965/66,1972/73,120011965/66
spa:Stammdaten,STS-Stammdaten00000186,12001,GE: GdTh,Genève: Grand Théâtre,Genève: Grand Théâtre,Jean-Claude Riber,Genève,GE,1200,1973/74,1979/80,120011973/74
spa:Stammdaten,STS-Stammdaten00000187,12001,GE: GdTh,Genève: Grand Théâtre,Genève: Grand Théâtre,Hugues Gall,Genève,GE,1200,1980/81,1994/95,120011980/81
spa:Stammdaten,STS-Stammdaten00000188,12001,GE: GdTh,Genève: Grand Théâtre,Genève: Grand Théâtre,Renée Auphan,Genève,GE,1200,1995/96,2000/01,120011995/96
spa:Stammdaten,STS-Stammdaten00000189,12001,GE: GdTh,Genève: Grand Théâtre,Genève: Grand Théâtre,Jean-Marie Blanchard,Genève,GE,1200,2001/02,2008/09 ,120012001/02
spa:Stammdaten,STS-Stammdaten00000190,12001,GE: GdTh,Genève: Grand Théâtre,Genève: Grand Théâtre,Tobias Richter,Genève,GE,1200,2009/10,2016/17 (ff),120012009/10
spa:Stammdaten,STS-Stammdaten00000191,12004,GE: Poche,Genève: Poche (Nouveau Théâtre de)/ Théâtre Le ,Genève: Poche (Nouveau Théâtre de)/ Théâtre Le,Martine Paschoud,Genève,GE,1200,1993/94,1995/96,120041993/94
spa:Stammdaten,STS-Stammdaten00000192,12004,GE: Poche,Genève: Poche (Nouveau Théâtre de)/ Théâtre Le ,Genève: Le Poche,Philippe Morand,Genève,GE,1200,1996/97,2002/03,120041996/97
spa:Stammdaten,STS-Stammdaten00000193,12004,GE: Poche,Genève: Poche (Nouveau Théâtre de)/ Théâtre Le ,Genève: Le Poche,Françoise Courvoisier,Genève,GE,1200,2003/04,2014/15 (ff),120042003/04
spa:Stammdaten,STS-Stammdaten00000194,12004,GE: Poche,Genève: Poche (Nouveau Théâtre de)/ Théâtre Le ,Genève: Le Poche,Mathieu Bertholet,Genève,GE,1200,2015/16,2016/17 (ff),120042015/16
spa:Stammdaten,STS-Stammdaten00000195,12003,GE: ThCar,Genève: Théâtre de Carouge,Genève: Théâtre de Carouge,François Simon,Genève,GE,1200,1957/58,1965/66,120031957/58
spa:Stammdaten,STS-Stammdaten00000196,12003,GE: ThCar,Genève: Théâtre de Carouge,Genève: Théâtre de Carouge,Philippe Mentha,Genève,GE,1200,1966/67,1971/72,120031966/67
spa:Stammdaten,STS-Stammdaten00000197,12003,GE: ThCar,Genève: Théâtre de Carouge,Genève: Théâtre de Carouge-Atelier de Genève,"Maurice Aufair, Guillaume Chenevière, Georges Wod, François Rochaix",Genève,GE,1200,1972/73,1973/74,120031972/73
spa:Stammdaten,STS-Stammdaten00000198,12003,GE: ThCar,Genève: Théâtre de Carouge,Genève: Théâtre de Carouge-Atelier de Genève,Guillaume Chenevière,Genève,GE,1200,1974/75,1974/75,120031974/75
spa:Stammdaten,STS-Stammdaten00000199,12003,GE: ThCar,Genève: Théâtre de Carouge,Genève: Théâtre de Carouge-Atelier de Genève,François Rochaix,Genève,GE,1200,1975/76,1980/81,120031975/76
spa:Stammdaten,STS-Stammdaten00000200,12003,GE: ThCar,Genève: Théâtre de Carouge,Genève: Théâtre de Carouge-Atelier de Genève,Georges Wod-Wodzicki,Genève,GE,1200,1981/82,2001/02,120031981/82
spa:Stammdaten,STS-Stammdaten00000201,12003,GE: ThCar,Genève: Théâtre de Carouge,Genève: Théâtre de Carouge-Atelier de Genève,François Rochaix,Genève,GE,1200,2002/03,2007/08 ,120032002/03
spa:Stammdaten,STS-Stammdaten00000202,12003,GE: ThCar,Genève: Théâtre de Carouge,Genève: Théâtre de Carouge-Atelier de Genève,Jean Liermier,Genève,GE,1200,2008/09,2016/17 (ff),120032008/09
spa:Stammdaten,STS-Stammdaten00000203,12005,GE: Grütli,Genève: Théâtre du Grütli,Genève: Théâtre du Grütli,Bernard Meister,Genève,GE,1200,1993/94,1998/99,120051993/94
spa:Stammdaten,STS-Stammdaten00000204,12005,GE: Grütli,Genève: Théâtre du Grütli,Genève: Théâtre du Grütli,Philippe Lüscher,Genève,GE,1200,1999/00,2005/06,120051999/00
spa:Stammdaten,STS-Stammdaten00000205,12005,GE: Grütli,Genève: Théâtre du Grütli,Genève: Théâtre du Grütli,"Michèle Pralong, Maya Bösch",Genève,GE,1200,2006/07,2011/12,120052006/07
spa:Stammdaten,STS-Stammdaten00000206,12005,GE: Grütli,Genève: Théâtre du Grütli,Genève: Théâtre du Grütli,Frédéric Polier,Genève,GE,1200,2012/13,2016/17 (ff),120052012/13
spa:Stammdaten,STS-Stammdaten00000207,12009,GE: Loup,Genève: Théâtre du Loup,Genève: Théâtre du Loup,00 (collectif),Genève,GE,1200,1978/79,2011/12,120091978/79
spa:Stammdaten,STS-Stammdaten00000208,12009,GE: Loup,Genève: Théâtre du Loup,Genève: Théâtre du Loup,"Eric Jeanmonod, Corinne Müller, Rossella Riccaboni, Sandro Rossetti",Genève,GE,1200,2012/13,2014/15 (ff),120092012/13
spa:Stammdaten,STS-Stammdaten00000209,12009,GE: Loup,Genève: Théâtre du Loup,Genève: Théâtre du Loup,Adrien Barazzone / Pauline Catry /Eric Jeanmonod / Rosella Riccaboni / Sandro Rossetti,Genève,GE,1200,2015/16,2016/17 (ff),120092015/16
spa:Stammdaten,STS-Stammdaten00000210,12007,GE: Caveau,Genève: Théâtre le Caveau / Théâtre en Cavale,Genève: Théâtre le Caveau,"Adrien Calame, Eric Gindrat",Genève,GE,1200,1976/77,1988/89,120071976/77
spa:Stammdaten,STS-Stammdaten00000211,12007,GE: Caveau,Genève: Théâtre le Caveau / Théâtre en Cavale,Genève: Théâtre le Caveau,Adrien Calame,Genève,GE,1200,1989/90,2001/02,120071989/90
spa:Stammdaten,STS-Stammdaten00000212,12007,GE: Caveau,Genève: Théâtre le Caveau / Théâtre en Cavale,Genève: Théâtre le Caveau,Miguel Fernandez-V.,Genève,GE,1200,2002/03,2003/04,120072002/03
spa:Stammdaten,STS-Stammdaten00000213,12007,GE: Caveau,Genève: Théâtre le Caveau / Théâtre en Cavale,Genève: Nouveau Théâtre Le Caveau (en cavale),Miguel Fernandez-V.,Genève,GE,1200,2004/05,2004/05,120072004/05
spa:Stammdaten,STS-Stammdaten00000214,12007,GE: Caveau,Genève: Théâtre le Caveau / Théâtre en Cavale,Genève: Théâtre en Cavale à Pitoëff,Miguel Fernandez-V.,Genève,GE,1200,2005/06,2012/13 (),120072005/06
spa:Stammdaten,STS-Stammdaten00000215,12006,GE: St-Gerv,Genève: Théâtre Saint-Gervais,Genève: Théâtre Saint-Gervais,Jean-Pierre Aebersold,Genève,GE,1200,1993/94,1993/94,120061993/94
spa:Stammdaten,STS-Stammdaten00000216,12006,GE: St-Gerv,Genève: Théâtre Saint-Gervais,Genève: Théâtre Saint-Gervais,Philippe Macasdar,Genève,GE,1200,1994/95,2015/16 (ff),120061994/95
spa:Stammdaten,STS-Stammdaten00000217,54661,Kstuhl: Laxdal,Kaiserstuhl: Laxdal Theater,Kaiserstuhl: Jón Laxdals Theater im Amtshaus,Jón Laxdal,Kaiserstuhl,AG,5466,1985/86,2004/05,546611985/86
spa:Stammdaten,STS-Stammdaten00000218,54661,Kstuhl: Laxdal,Kaiserstuhl: Laxdal Theater,Kaiserstuhl: Jón Laxdals Theater im Amtshaus,"Katerina Laxdal, Vaclav Jaros",Kaiserstuhl,AG,5466,2005/06,2009/10,546612005/06
spa:Stammdaten,STS-Stammdaten00000219,54661,Kstuhl: Laxdal,Kaiserstuhl: Laxdal Theater,Kaiserstuhl: Jón Laxdals Theater im Amtshaus,Katerina Laxdal,Kaiserstuhl,AG,5466,2010/11,2011/12,546612010/11
spa:Stammdaten,STS-Stammdaten00000220,54661,Kstuhl: Laxdal,Kaiserstuhl: Laxdal Theater,Kaiserstuhl: Laxdal Theater,Katerina Laxdal,Kaiserstuhl,AG,5466,2012/13,2016/17 (ff),546612012/13
spa:Stammdaten,STS-Stammdaten00000221,82801,Krzl: SBT,Kreuzlingen: See-Burgtheater,Kreuzlingen: See-Burgtheater,"Leopold Huber, Astrid Keller ",Kreuzlingen,TG,8280,1990,2017 (ff),828011990
spa:Stammdaten,STS-Stammdaten00000222,10004,LS: Arsenic,Lausanne: Arsenic,Lausanne: Centre dArt scénique contemporain CASC (Arsenic),"Direction collégiale (Jacques Gardel et commission artistique: Danse: Fabienne Berger, Philippe Saire; Théâtre: Ryta Gay, Claude Grin, Miguel Québatte)",Lausanne,VD,1000,1988/89,1989/90,100041988/89
spa:Stammdaten,STS-Stammdaten00000223,10004,LS: Arsenic,Lausanne: Arsenic,Lausanne: Théâtre Arsenic,Jacques Gardel,Lausanne,VD,1000,1990/91,1995/96,100041990/91
spa:Stammdaten,STS-Stammdaten00000224,10004,LS: Arsenic,Lausanne: Arsenic,Lausanne: Théâtre Arsenic,Thierry Spicher,Lausanne,VD,1000,1996/97,2002/03,100041996/97
spa:Stammdaten,STS-Stammdaten00000225,10004,LS: Arsenic,Lausanne: Arsenic,Lausanne: Théâtre Arsenic,Sandrine Kuster,Lausanne,VD,1000,2003/04,2016/17 (ff),100042003/04
spa:Stammdaten,STS-Stammdaten00000226,10005,LS: Boulimie,Lausanne: Théâtre Boulimie,Lausanne: Boulimie,Lova Golovtchiner/ Martine Jeanneret,Lausanne,VD,1000,1962/63,1968/69,100051962/63
spa:Stammdaten,STS-Stammdaten00000227,10005,LS: Boulimie,Lausanne: Théâtre Boulimie,Lausanne: Théâtre Boulimie,Lova Golovtchiner/ Martine Jeanneret,Lausanne,VD,1000,1969/70,2012/13,100051969/70
spa:Stammdaten,STS-Stammdaten00000228,10005,LS: Boulimie,Lausanne: Théâtre Boulimie,Lausanne: Théâtre Boulimie,Kaya Güner / Frédéric Gérard,Lausanne,VD,1000,2013/14,2016/17 (ff),100052013/14
spa:Stammdaten,STS-Stammdaten00000229,10006,LS: ThEph,Lausanne: Théâtre de l Ephemère,Lausanne: Théâtre de l Ephemère,Elena Vuille-Mondada,Lausanne,VD,1000,1982/83,2002/03 (ff),100061982/83
spa:Stammdaten,STS-Stammdaten00000230,10003,LS: KleMel,Lausanne: Théâtre Kléber-Méleau,Lausanne: Théâtre Kléber-Méleau,Philippe Mentha,Lausanne,VD,1000,1978/79,2014/15 (ff),100031978/79
spa:Stammdaten,STS-Stammdaten00000231,10003,LS: KleMel,Lausanne: Théâtre Kléber-Méleau,Lausanne: Théâtre Kléber-Méleau,Omar Porras,Lausanne,VD,1000,2015/16,2016/17 (ff),100032015/16
spa:Stammdaten,STS-Stammdaten00000232,10001,LS: TML/Op,Lausanne: Théâtre Municipal/ Opéra,Lausanne: Théâtre Municipal/ TML Opéra Lausanne,Renée Auphan,Lausanne,VD,1000,1983/84,1994/95,100011983/84
spa:Stammdaten,STS-Stammdaten00000233,10001,LS: TML/Op,Lausanne: Théâtre Municipal/ Opéra,Lausanne: Opéra de Lausanne,Dominique Meyer,Lausanne,VD,1000,1995/96,1998/99,100011995/96
spa:Stammdaten,STS-Stammdaten00000234,10001,LS: TML/Op,Lausanne: Théâtre Municipal/ Opéra,Lausanne: Opéra de Lausanne,François-Xavier Hauville,Lausanne,VD,1000,1999/00,2004/05 ,100011999/00
spa:Stammdaten,STS-Stammdaten00000235,10001,LS: TML/Op,Lausanne: Théâtre Municipal/ Opéra,Lausanne: Opéra de Lausanne,Eric Vigié,Lausanne,VD,1000,2005/06,2016/17 (ff),100012005/06
spa:Stammdaten,STS-Stammdaten00000236,10002,LS: Vidy,Lausanne: Vidy Théâtre Lausanne,Lausanne: Centre dramatique de Lausanne/ Théâtre de Vidy,Franck Jotterand,Lausanne,VD,1000,1975/76,1982/83,100021975/76
spa:Stammdaten,STS-Stammdaten00000237,10002,LS: Vidy,Lausanne: Vidy Théâtre Lausanne,Lausanne: Centre dramatique de Lausanne/ Théâtre de Vidy,Pierre Bauer/ Jacques Bert,Lausanne,VD,1000,1983/84,1988/89,100021983/84
spa:Stammdaten,STS-Stammdaten00000238,10002,LS: Vidy,Lausanne: Vidy Théâtre Lausanne,Lausanne: Théâtre Vidy-Lausanne ,Matthias Langhoff,Lausanne,VD,1000,1989/90,1990/91,100021989/90
spa:Stammdaten,STS-Stammdaten00000239,10002,LS: Vidy,Lausanne: Vidy Théâtre Lausanne,Lausanne: Théâtre Vidy-Lausanne ,René Gonzalez,Lausanne,VD,1000,1991/92,2010/11,100021991/92
spa:Stammdaten,STS-Stammdaten00000240,10002,LS: Vidy,Lausanne: Vidy Théâtre Lausanne,Lausanne: Théâtre Vidy-Lausanne,René Gonzalez / René Zahnd / Thierry Tordjman,Lausanne,VD,1000,2011/12,2011/12,100022011/12
spa:Stammdaten,STS-Stammdaten00000241,10002,LS: Vidy,Lausanne: Vidy Théâtre Lausanne,Lausanne: Théâtre Vidy-Lausanne,René Zahnd / Thierry Tordjman,Lausanne,VD,1000,2012/13,2012/13,100022012/13
spa:Stammdaten,STS-Stammdaten00000242,10002,LS: Vidy,Lausanne: Vidy Théâtre Lausanne,Lausanne: Théâtre Vidy-Lausanne,Vincent Baudriller /René Zahnd / Thierry Tordjman,Lausanne,VD,1000,2013/14,2013/14,100022013/14
spa:Stammdaten,STS-Stammdaten00000243,10002,LS: Vidy,Lausanne: Vidy Théâtre Lausanne,Lausanne: Théâtre Vidy-Lausanne,Vincent Baudriller,Lausanne,VD,1000,2014/15,2016/17 (ff),100022014/15
spa:Stammdaten,STS-Stammdaten00000244,66001,Locarno: Teatro,Locarno: Teatro di Locarno,Locarno: Teatro di Locarno,Ass. Amici del Teatro di Locarno,Locarno,TI,6600,1989/90,2016/17 (ff),660011989/90
spa:Stammdaten,STS-Stammdaten00000245,69001,Lug: Kursaal,Lugano: Teatro Kursaal,Lugano: Teatro Kursaal,Giuseppe Volonterio,Lugano,TI,6900,1938/39,1975/76,690011938/39
spa:Stammdaten,STS-Stammdaten00000246,60001,LU: StTh,Luzern: Stadttheater/ Luzerner Th.,Luzern: Stadttheater,Carl Schneider,Luzern,LU,6000,1939/40,1941/42,600011939/40
spa:Stammdaten,STS-Stammdaten00000247,60001,LU: StTh,Luzern: Stadttheater/ Luzerner Th.,Luzern: Stadttheater,Paul Eger,Luzern,LU,6000,1942/43,1946/47,600011942/43
spa:Stammdaten,STS-Stammdaten00000248,60001,LU: StTh,Luzern: Stadttheater/ Luzerner Th.,Luzern: Stadttheater,Albert Wiesner,Luzern,LU,6000,1947/48,1952/53,600011947/48
spa:Stammdaten,STS-Stammdaten00000249,60001,LU: StTh,Luzern: Stadttheater/ Luzerner Th.,Luzern: Stadttheater,Ernst Dietz,Luzern,LU,6000,1953/54,1956/57,600011953/54
spa:Stammdaten,STS-Stammdaten00000250,60001,LU: StTh,Luzern: Stadttheater/ Luzerner Th.,Luzern: Stadttheater,Walter Oberer,Luzern,LU,6000,1957/58,1959/60,600011957/58
spa:Stammdaten,STS-Stammdaten00000251,60001,LU: StTh,Luzern: Stadttheater/ Luzerner Th.,Luzern: Stadttheater,Horst Gnekow,Luzern,LU,6000,1960/61,1967/68,600011960/61
spa:Stammdaten,STS-Stammdaten00000252,60001,LU: StTh,Luzern: Stadttheater/ Luzerner Th.,Luzern: Stadttheater,Kraft-Alexander,Luzern,LU,6000,1968/69,1971/72,600011968/69
spa:Stammdaten,STS-Stammdaten00000253,60001,LU: StTh,Luzern: Stadttheater/ Luzerner Th.,Luzern: Stadttheater,Ulrich Meyer,Luzern,LU,6000,1972/73,1981/82,600011972/73
spa:Stammdaten,STS-Stammdaten00000254,60001,LU: StTh,Luzern: Stadttheater/ Luzerner Th.,Luzern: Stadttheater,Philippe De Bros,Luzern,LU,6000,1982/83,1986/87,600011982/83
spa:Stammdaten,STS-Stammdaten00000255,60001,LU: StTh,Luzern: Stadttheater/ Luzerner Th.,Luzern: Stadttheater,Horst Statkus,Luzern,LU,6000,1987/88,1995/96,600011987/88
spa:Stammdaten,STS-Stammdaten00000256,60001,LU: StTh,Luzern: Stadttheater/ Luzerner Th.,Luzern: Luzerner Theater,Horst Statkus,Luzern,LU,6000,1996/97,1998/99,600011996/97
spa:Stammdaten,STS-Stammdaten00000257,60001,LU: StTh,Luzern: Stadttheater/ Luzerner Th.,Luzern: Luzerner Theater,Barbara Mundel,Luzern,LU,6000,1999/00,2003/04 ,600011999/00
spa:Stammdaten,STS-Stammdaten00000258,60001,LU: StTh,Luzern: Stadttheater/ Luzerner Th.,Luzern: Luzerner Theater,Dominique Mentha,Luzern,LU,6000,2004/05,2015/16 (ff),600012004/05
spa:Stammdaten,STS-Stammdaten00000259,60001,LU: StTh,Luzern: Stadttheater/ Luzerner Th.,Luzern: Luzerner Theater,Benedikt von Peter,Luzern,LU,6000,2016/17,2016/17 (ff),600012016/17
spa:Stammdaten,STS-Stammdaten00000260,20001,NE: Passage,Neuchâtel: Théâtre du Passage,Neuchâtel: Théâtre du Passage,Robert Bouvier,Neuchâtel,NE,2000,2000/01,2016/17 (ff),200012000/01
spa:Stammdaten,STS-Stammdaten00000261,46001,Olten: StTh,Olten: Stadttheater,Olten: Stadttheater,(Theaterkommission Olten),Olten,SO,4600,1920/21,2016/17 (ff),460011920/21
spa:Stammdaten,STS-Stammdaten00000262,82001,SH: Sgm,Schaffhausen: Theater Sgaramusch,Schaffhausen: Theater Sgaramusch,Urs Beeler,Schaffhausen,SH,8200,1982/83,1996/97,820011982/83
spa:Stammdaten,STS-Stammdaten00000263,82001,SH: Sgm,Schaffhausen: Theater Sgaramusch,Schaffhausen: Theater Sgaramusch,Nora Vonder Mühll / Stefan Colombo,Schaffhausen,SH,8200,1997/98,2016/17 (ff),820011997/98
spa:Stammdaten,STS-Stammdaten00000264,90001,SG: StTh,St. Gallen: Stadttheater,St. Gallen: Stadttheater,Ulrich Diem,St. Gallen,SG,9000,1938/39,1945/46,900011938/39
spa:Stammdaten,STS-Stammdaten00000265,90001,SG: StTh,St. Gallen: Stadttheater,St. Gallen: Stadttheater,Karl Gotthilf Kachler-Jovanotis,St. Gallen,SG,9000,1946/47,1955/56,900011946/47
spa:Stammdaten,STS-Stammdaten00000266,90001,SG: StTh,St. Gallen: Stadttheater,St. Gallen: Stadttheater,Karl Ferber,St. Gallen,SG,9000,1956/57,1965/66,900011956/57
spa:Stammdaten,STS-Stammdaten00000267,90001,SG: StTh,St. Gallen: Stadttheater,St. Gallen: Stadttheater,Siegfried Meisner/ Bernhard Enz/ Max Lang,St. Gallen,SG,9000,1966/67,1966/67,900011966/67
spa:Stammdaten,STS-Stammdaten00000268,90001,SG: StTh,St. Gallen: Stadttheater,St. Gallen: Stadttheater,Christoph Groszer,St. Gallen,SG,9000,1967/68,1971/72,900011967/68
spa:Stammdaten,STS-Stammdaten00000269,90001,SG: StTh,St. Gallen: Stadttheater,St. Gallen: Stadttheater,Ernst Dietz,St. Gallen,SG,9000,1972/73,1972/73,900011972/73
spa:Stammdaten,STS-Stammdaten00000270,90001,SG: StTh,St. Gallen: Stadttheater,St. Gallen: Stadttheater,Wolfgang Zörner,St. Gallen,SG,9000,1973/74,1979/80,900011973/74
spa:Stammdaten,STS-Stammdaten00000271,90001,SG: StTh,St. Gallen: Stadttheater,St. Gallen: Stadttheater,Glado von May,St. Gallen,SG,9000,1980/81,1991/92,900011980/81
spa:Stammdaten,STS-Stammdaten00000272,90001,SG: StTh,St. Gallen: Stadttheater,St. Gallen: Stadttheater,Hermann Keckeis,St. Gallen,SG,9000,1992/93,1992/93,900011992/93
spa:Stammdaten,STS-Stammdaten00000273,90001,SG: StTh,St. Gallen: Stadttheater,St. Gallen: Stadttheater,Werner Signer,St. Gallen,SG,9000,1993/94,1993/94,900011993/94
spa:Stammdaten,STS-Stammdaten00000274,90001,SG: StTh,St. Gallen: Stadttheater,St. Gallen: Stadttheater,Werner Signer/ John Neschling/ Peter Schweiger,St. Gallen,SG,9000,1994/95,1996/97,900011994/95
spa:Stammdaten,STS-Stammdaten00000275,90001,SG: StTh,St. Gallen: Stadttheater,St. Gallen: Stadttheater,Werner Signer/ Peter Schweiger,St. Gallen,SG,9000,1997/98,1997/98,900011997/98
spa:Stammdaten,STS-Stammdaten00000276,90001,SG: StTh,St. Gallen: Stadttheater,St. Gallen: Stadttheater,Werner Signer/ Laurent Wagner/ Peter Schweiger,St. Gallen,SG,9000,1998/99,1999/00,900011998/99
spa:Stammdaten,STS-Stammdaten00000277,90001,SG: StTh,St. Gallen: Stadttheater,St. Gallen: Theater St. Gallen,Werner Signer/ Laurent Wagner/ Peter Schweiger,St. Gallen,SG,9000,2000/01,2000/01,900012000/01
spa:Stammdaten,STS-Stammdaten00000278,90001,SG: StTh,St. Gallen: Stadttheater,St. Gallen: Theater St. Gallen,Werner Signer/ Franziska Severin/ Peter Schweiger,St. Gallen,SG,9000,2001/02,2003/04,900012001/02
spa:Stammdaten,STS-Stammdaten00000279,90001,SG: StTh,St. Gallen: Stadttheater,St. Gallen: Theater St. Gallen,Werner Signer/ Franziska Severin/ Josef E. Köpplinger,St. Gallen,SG,9000,2004/05,2006/07,900012004/05
spa:Stammdaten,STS-Stammdaten00000280,90001,SG: StTh,St. Gallen: Stadttheater,St. Gallen: Theater St. Gallen,Werner Signer/ Franziska Severin/ Tim Kramer,St. Gallen,SG,9000,2007/08,2007/08,900012007/08
spa:Stammdaten,STS-Stammdaten00000281,90001,SG: StTh,St. Gallen: Stadttheater,St. Gallen: Theater St. Gallen,Werner Signer/ Peter Heilker/ Tim Kramer,St. Gallen,SG,9000,2008/09,2015/16 (ff),900012008/09
spa:Stammdaten,STS-Stammdaten00000282,90001,SG: StTh,St. Gallen: Stadttheater,St. Gallen: Theater St. Gallen,Werner Signer/ Peter Heilker/ Jonas Knecht,St. Gallen,SG,9000,2016/17,2016/17 (ff),900012016/17
spa:Stammdaten,STS-Stammdaten00000283,87001,Stäfa: Sog,Stäfa: Soggetto (Il),Stäfa: Soggetto (Il),Franziska Kohlund/ Buschi Luginbühl,Stäfa,ZH,8700,1984/85,2004/05,870011984/85
spa:Stammdaten,STS-Stammdaten00000284,96001,Wwil: MMT,Wil: (früher Wattwil): Mo Moll Theater,Wattwil: Mo Moll Theater,Kollektiv,Wattwil,SG,9600,1985/86,1995/96,960011985/86
spa:Stammdaten,STS-Stammdaten00000285,96001,Wwil: MMT,Wil: (früher Wattwil): Mo Moll Theater,Wil: Mo Moll Theater,Kollektiv,Wattwil,SG,9600,1996/97,2016/17 (ff),960011996/97
spa:Stammdaten,STS-Stammdaten00000286,84004,Wthur: Kellerth.,Winterthur: Kellertheater,Winterthur: Kellertheater Goldige Schluuch,Albert Michel Bosshard,Winterthur,ZH,8400,1984/85,1998/99,840041984/85
spa:Stammdaten,STS-Stammdaten00000287,84004,Wthur: Kellerth.,Winterthur: Kellertheater,Winterthur: Kellertheater,Albert Michel Bosshard,Winterthur,ZH,8400,1999/00,2010/11,840041999/00
spa:Stammdaten,STS-Stammdaten00000288,84004,Wthur: Kellerth.,Winterthur: Kellertheater,Winterthur: Kellertheater,Doris Strütt / Udo van Ooyen,Winterthur,ZH,8400,2011/12,2016/17 (ff),840042011/12
spa:Stammdaten,STS-Stammdaten00000289,84001,Wthur: SoTh,Winterthur: Sommertheater,Winterthur: Sommertheater,Markus Breitner,Winterthur,ZH,8400,1935,1981,840011935
spa:Stammdaten,STS-Stammdaten00000290,84001,Wthur: SoTh,Winterthur: Sommertheater,Winterthur: Sommertheater,Hans Heinrich Rüegg,Winterthur,ZH,8400,1982,2017 (ff),840011982
spa:Stammdaten,STS-Stammdaten00000291,84003,Wthur:Stadtgarten,Winterthur: Theater am Stadtgarten,Winterthur: Theater am Stadtgarten,Dr. Hans U. Rentsch,Winterthur,ZH,8400,1978/79,1981/82,840031978/79
spa:Stammdaten,STS-Stammdaten00000292,84003,Wthur:Stadtgarten,Winterthur: Theater am Stadtgarten,Winterthur: Theater am Stadtgarten,Walter Grieder,Winterthur,ZH,8400,1982/83,1984/85,840031982/83
spa:Stammdaten,STS-Stammdaten00000293,84003,Wthur:Stadtgarten,Winterthur: Theater am Stadtgarten,Winterthur: Theater am Stadtgarten,Alex Freihart,Winterthur,ZH,8400,1985/86,1999/00,840031985/86
spa:Stammdaten,STS-Stammdaten00000294,84003,Wthur:Stadtgarten,Winterthur: Theater am Stadtgarten,Winterthur: Theater Winterthur,Gian Gianotti,Winterthur,ZH,8400,2000/01,2010/11,840032000/01
spa:Stammdaten,STS-Stammdaten00000295,84003,Wthur:Stadtgarten,Winterthur: Theater am Stadtgarten,Winterthur: Theater Winterthur,Marc Baumann,Winterthur,ZH,8400,2011/12,2013/14,840032011/12
spa:Stammdaten,STS-Stammdaten00000296,84003,Wthur:Stadtgarten,Winterthur: Theater am Stadtgarten,Winterthur: Theater Winterthur,René Munz,Winterthur,ZH,8400,2014/15,2016/17 (ff),840032014/15
spa:Stammdaten,STS-Stammdaten00000297,84002,Wthur: TZ,Winterthur: Theater für den Kanton Zürich,Winterthur: Theater für den Kanton Zürich,Reinhart Spörri,Winterthur,ZH,8400,1971/72,1994/95,840021971/72
spa:Stammdaten,STS-Stammdaten00000298,84002,Wthur: TZ,Winterthur: Theater für den Kanton Zürich,Winterthur: Theater Kanton Zürich,Markus Emmenegger/ Peter Wehrli,Winterthur,ZH,8400,1995/96,1998/99,840021995/96
spa:Stammdaten,STS-Stammdaten00000299,84002,Wthur: TZ,Winterthur: Theater für den Kanton Zürich,Winterthur: Theater Kanton Zürich,Jordi Vilardaga,Winterthur,ZH,8400,1999/00,2009/10 ,840021999/00
spa:Stammdaten,STS-Stammdaten00000300,84002,Wthur: TZ,Winterthur: Theater für den Kanton Zürich,Winterthur: Theater Kanton Zürich,Rüdiger Burbach,Winterthur,ZH,8400,2010/11,2015/16 (ff),840022010/11
spa:Stammdaten,STS-Stammdaten00000301,80004,ZH: BernhTh,Zürich: Bernhard-Theater,Zürich: Bernhard-Theater,"Eynar Grabowsky, Vincent Grabowsky",Zürich,ZH,8000,1993/94,1995/96 ->,800041993/94
spa:Stammdaten,STS-Stammdaten00000302,80004,ZH: BernhTh,Zürich: Bernhard-Theater,Zürich: Bernhard-Theater,"Monika Kaelin, Vincent Grabowsky",Zürich,ZH,8000,1996/97,1996/97,800041996/97
spa:Stammdaten,STS-Stammdaten00000303,80004,ZH: BernhTh,Zürich: Bernhard-Theater,Zürich: Bernhard-Theater,Vincent Grabowsky,Zürich,ZH,8000,1997/98,1997/98,800041997/98
spa:Stammdaten,STS-Stammdaten00000304,80004,ZH: BernhTh,Zürich: Bernhard-Theater,Zürich: Bernhard-Theater,00 (künstl. Leitung: vakant),Zürich,ZH,8000,1998/99,1998/99,800041998/99
spa:Stammdaten,STS-Stammdaten00000305,80004,ZH: BernhTh,Zürich: Bernhard-Theater,Zürich: Bernhard-Theater,Peter Schaerer,Zürich,ZH,8000,1999/00,2000/01,800041999/00
spa:Stammdaten,STS-Stammdaten00000306,80004,ZH: BernhTh,Zürich: Bernhard-Theater,Zürich: Bernhard-Theater / Komödie am Bellevue,Hans-Heinrich Rüegg,Zürich,ZH,8000,2001/02,2001/02,800042001/02
spa:Stammdaten,STS-Stammdaten00000307,80004,ZH: BernhTh,Zürich: Bernhard-Theater,Zürich: Bernhard-Theater,00 (Neuorientierung),Zürich,ZH,8000,2002/03,2002/03 ,800042002/03
spa:Stammdaten,STS-Stammdaten00000308,80008,ZH: OpFact,Zürich: Opera Factory,Zürich: Opera Factory,David Freeman / Brenton Langbein,Zürich,ZH,8000,1976/77,1992/93,800081976/77
spa:Stammdaten,STS-Stammdaten00000309,80008,ZH: OpFact,Zürich: Opera Factory,Zürich: Opera Factory,David Freeman,Zürich,ZH,8000,1993/94,1995/96 (),800081993/94
spa:Stammdaten,STS-Stammdaten00000310,80001,ZH: OpH,Zürich: Opernhaus,Zürich: Stadttheater,Paul Schroetter,Zürich,ZH,8000,1891/92,1895/96,800011891/92
spa:Stammdaten,STS-Stammdaten00000311,80001,ZH: OpH,Zürich: Opernhaus,Zürich: Stadttheater,Ludwig Treutler,Zürich,ZH,8000,1896/97,1897/98,800011896/97
spa:Stammdaten,STS-Stammdaten00000312,80001,ZH: OpH,Zürich: Opernhaus,Zürich: Stadttheater,Karl Skraup,Zürich,ZH,8000,1898/99,1900/01,800011898/99
spa:Stammdaten,STS-Stammdaten00000313,80001,ZH: OpH,Zürich: Opernhaus,Zürich: Stadttheater,Alfred Reucker,Zürich,ZH,8000,1901/02,1920/21,800011901/02
spa:Stammdaten,STS-Stammdaten00000314,80001,ZH: OpH,Zürich: Opernhaus,Zürich: Stadttheater,Paul Trede,Zürich,ZH,8000,1921/22,1931/32,800011921/22
spa:Stammdaten,STS-Stammdaten00000315,80001,ZH: OpH,Zürich: Opernhaus,Zürich: Stadttheater,Karl Schmid-Bloss,Zürich,ZH,8000,1932/33,1946/47,800011932/33
spa:Stammdaten,STS-Stammdaten00000316,80001,ZH: OpH,Zürich: Opernhaus,Zürich: Stadttheater,Hans Zimmermann,Zürich,ZH,8000,1947/48,1955/56,800011947/48
spa:Stammdaten,STS-Stammdaten00000317,80001,ZH: OpH,Zürich: Opernhaus,Zürich: Stadttheater,Herbert Graf,Zürich,ZH,8000,1960/61,1961/62,800011960/61
spa:Stammdaten,STS-Stammdaten00000318,80001,ZH: OpH,Zürich: Opernhaus,Zürich: Stadttheater,Herbert Graf/ Interim,Zürich,ZH,8000,1962/63,1962/63,800011962/63
spa:Stammdaten,STS-Stammdaten00000319,80001,ZH: OpH,Zürich: Opernhaus,Zürich: Stadttheater,Emil Jucker/ Werner Meyer/ Christian Vöchting,Zürich,ZH,8000,1963/64,1963/64,800011963/64
spa:Stammdaten,STS-Stammdaten00000320,80001,ZH: OpH,Zürich: Opernhaus,Zürich: Opernhaus,Hermann Juch,Zürich,ZH,8000,1964/65,1974/75,800011964/65
spa:Stammdaten,STS-Stammdaten00000321,80001,ZH: OpH,Zürich: Opernhaus,Zürich: Opernhaus,Claus Helmut Drese,Zürich,ZH,8000,1975/76,1985/86,800011975/76
spa:Stammdaten,STS-Stammdaten00000322,80001,ZH: OpH,Zürich: Opernhaus,Zürich: Opernhaus,Christoph Groszer,Zürich,ZH,8000,1986/87,1990/91,800011986/87
spa:Stammdaten,STS-Stammdaten00000323,80001,ZH: OpH,Zürich: Opernhaus,Zürich: Opernhaus,Alexander Pereira,Zürich,ZH,8000,1991/92,2011/12,800011991/92
spa:Stammdaten,STS-Stammdaten00000324,80001,ZH: OpH,Zürich: Opernhaus,Zürich: Opernhaus,Andreas Homoki,Zürich,ZH,8000,2012/13,2016/17 (ff),800012012/13
spa:Stammdaten,STS-Stammdaten00000325,80002,ZH: SpH,Zürich: Schauspielhaus,Zürich: Schauspielhaus,Alfred Reucker,Zürich,ZH,8000,1901/02,1920/21,800021901/02
spa:Stammdaten,STS-Stammdaten00000326,80002,ZH: SpH,Zürich: Schauspielhaus,Zürich: Schauspielhaus,Franz Wenzler,Zürich,ZH,8000,1921/22,1925/26,800021921/22
spa:Stammdaten,STS-Stammdaten00000327,80002,ZH: SpH,Zürich: Schauspielhaus,Zürich: Schauspielhaus,Ferdinand Rieser,Zürich,ZH,8000,1926/27,1937/38,800021926/27
spa:Stammdaten,STS-Stammdaten00000328,80002,ZH: SpH,Zürich: Schauspielhaus,Zürich: Schauspielhaus,Oskar Wälterlin,Zürich,ZH,8000,1938/39,1960/61,800021938/39
spa:Stammdaten,STS-Stammdaten00000329,80002,ZH: SpH,Zürich: Schauspielhaus,Zürich: Schauspielhaus,Kurt Hirschfeld,Zürich,ZH,8000,1961/62,1963/64,800021961/62
spa:Stammdaten,STS-Stammdaten00000330,80002,ZH: SpH,Zürich: Schauspielhaus,Zürich: Schauspielhaus,Kurt Hirschfeld/ Leopold Lindtberg,Zürich,ZH,8000,1964/65,1964/65,800021964/65
spa:Stammdaten,STS-Stammdaten00000331,80002,ZH: SpH,Zürich: Schauspielhaus,Zürich: Schauspielhaus,Leopold Lindtberg,Zürich,ZH,8000,1965/66,1967/68,800021965/66
spa:Stammdaten,STS-Stammdaten00000332,80002,ZH: SpH,Zürich: Schauspielhaus,Zürich: Schauspielhaus,Otto Weissert/ Erwin Parker/ Teo Otto ( 9.6.1968),Zürich,ZH,8000,1968/69,1968/69,800021968/69
spa:Stammdaten,STS-Stammdaten00000333,80002,ZH: SpH,Zürich: Schauspielhaus,Zürich: Schauspielhaus,Peter Löffler,Zürich,ZH,8000,1969/70,1969/70,800021969/70
spa:Stammdaten,STS-Stammdaten00000334,80002,ZH: SpH,Zürich: Schauspielhaus,Zürich: Schauspielhaus,Harry Buckwitz,Zürich,ZH,8000,1970/71,1976/77,800021970/71
spa:Stammdaten,STS-Stammdaten00000335,80002,ZH: SpH,Zürich: Schauspielhaus,Zürich: Schauspielhaus,Harry Buckwitz/ Gerhard Klingenberg,Zürich,ZH,8000,1977/78,1977/78,800021977/78
spa:Stammdaten,STS-Stammdaten00000336,80002,ZH: SpH,Zürich: Schauspielhaus,Zürich: Schauspielhaus,Gerhard Klingenberg,Zürich,ZH,8000,1978/79,1981/82,800021978/79
spa:Stammdaten,STS-Stammdaten00000337,80002,ZH: SpH,Zürich: Schauspielhaus,Zürich: Schauspielhaus,Gerd Heinz,Zürich,ZH,8000,1982/83,1988/89,800021982/83
spa:Stammdaten,STS-Stammdaten00000338,80002,ZH: SpH,Zürich: Schauspielhaus,Zürich: Schauspielhaus,Achim Benning,Zürich,ZH,8000,1989/90,1991/92,800021989/90
spa:Stammdaten,STS-Stammdaten00000339,80002,ZH: SpH,Zürich: Schauspielhaus,Zürich: Schauspielhaus,Gerd Leo Kuck/ Marcel Müller,Zürich,ZH,8000,1992/93,1998/99,800021992/93
spa:Stammdaten,STS-Stammdaten00000340,80002,ZH: SpH,Zürich: Schauspielhaus,Zürich: Schauspielhaus,Reinhard Palm,Zürich,ZH,8000,1999/00,1999/00,800021999/00
spa:Stammdaten,STS-Stammdaten00000341,80002,ZH: SpH,Zürich: Schauspielhaus,Zürich: Schauspielhaus,Christoph Marthaler,Zürich,ZH,8000,2000/01,2003/04 ,800022000/01
spa:Stammdaten,STS-Stammdaten00000342,80002,ZH: SpH,Zürich: Schauspielhaus,Zürich: Schauspielhaus,Andreas Spillmann,Zürich,ZH,8000,2004/05,2004/05,800022004/05
spa:Stammdaten,STS-Stammdaten00000343,80002,ZH: SpH,Zürich: Schauspielhaus,Zürich: Schauspielhaus,Matthias Hartmann,Zürich,ZH,8000,2005/06,2008/09,800022005/06
spa:Stammdaten,STS-Stammdaten00000344,80002,ZH: SpH,Zürich: Schauspielhaus,Zürich: Schauspielhaus,Barbara Frey,Zürich,ZH,8000,2009/10,2016/17 (ff),800022009/10
spa:Stammdaten,STS-Stammdaten00000345,80011,ZH: Soma,Zürich: Somafon,Zürich: Somafon,Brigitta Schrepfer,Zürich,ZH,8000,1992,2016 (ff),800111992
spa:Stammdaten,STS-Stammdaten00000346,80007,ZH: Th11,Zürich: Theater 11,Zürich: Theater 11,Christoph Vitali / Präsidialabteilung der Stadt Zürich,Zürich,ZH,8000,1969/70,1977/78,800071969/70
spa:Stammdaten,STS-Stammdaten00000347,80007,ZH: Th11,Zürich: Theater 11,Zürich: Theater 11,Nicolas Baerlocher / Präsidialabteilung der Stadt Zürich,Zürich,ZH,8000,1978/79,2000/01,800071978/79
spa:Stammdaten,STS-Stammdaten00000348,80009,Zürich: Central,Zürich: Theater am Central,Zürich: Theater am Central,Albert Pulmann,Zürich,ZH,8000,1951/52,1951/52,800091951/52
spa:Stammdaten,STS-Stammdaten00000349,80009,Zürich: Central,Zürich: Theater am Central,Zürich: Theater am Central,Giovanni Zamboni,Zürich,ZH,8000,1952/53,1956/57,800091952/53
spa:Stammdaten,STS-Stammdaten00000350,80009,Zürich: Central,Zürich: Theater am Central,Zürich: Theater am Central,Giovanni Zamboni / Rainer Litten,Zürich,ZH,8000,1957/58,1957/58 (),800091957/58
spa:Stammdaten,STS-Stammdaten00000351,80003,ZH: ThaN,Zürich: Theater am Neumarkt,Zürich: Theater am Neumarkt,Felix Rellstab,Zürich,ZH,8000,1965/66,1970/71,800031965/66
spa:Stammdaten,STS-Stammdaten00000352,80003,ZH: ThaN,Zürich: Theater am Neumarkt,Zürich: Theater am Neumarkt,Horst Zankl,Zürich,ZH,8000,1971/72,1974/75,800031971/72
spa:Stammdaten,STS-Stammdaten00000353,80003,ZH: ThaN,Zürich: Theater am Neumarkt,Zürich: Theater am Neumarkt,Luis Bolliger,Zürich,ZH,8000,1975/76,1978/79,800031975/76
spa:Stammdaten,STS-Stammdaten00000354,80003,ZH: ThaN,Zürich: Theater am Neumarkt,Zürich: Theater am Neumarkt,Helmut Palitsch,Zürich,ZH,8000,1979/80,1982/83,800031979/80
spa:Stammdaten,STS-Stammdaten00000355,80003,ZH: ThaN,Zürich: Theater am Neumarkt,Zürich: Theater am Neumarkt,Peter Schweiger,Zürich,ZH,8000,1983/84,1988/89,800031983/84
spa:Stammdaten,STS-Stammdaten00000356,80003,ZH: ThaN,Zürich: Theater am Neumarkt,Zürich: Theater am Neumarkt,Gudrun Orsky,Zürich,ZH,8000,1989/90,1992/93,800031989/90
spa:Stammdaten,STS-Stammdaten00000357,80003,ZH: ThaN,Zürich: Theater am Neumarkt,Zürich: Theater Neumarkt,Volker Hesse / Stephan Müller,Zürich,ZH,8000,1993/94,1998/99,800031993/94
spa:Stammdaten,STS-Stammdaten00000358,80003,ZH: ThaN,Zürich: Theater am Neumarkt,Zürich: Theater Neumarkt,Crescentia Dünsser / Otto Kukla,Zürich,ZH,8000,1999/00,2003/04 ,800031999/00
spa:Stammdaten,STS-Stammdaten00000359,80003,ZH: ThaN,Zürich: Theater am Neumarkt,Zürich: Theater Neumarkt,Wolfgang Reiter,Zürich,ZH,8000,2004/05,2007/08,800032004/05
spa:Stammdaten,STS-Stammdaten00000360,80003,ZH: ThaN,Zürich: Theater am Neumarkt,Zürich: Theater Neumarkt,Rafael Sanchez / Barbara Weber,Zürich,ZH,8000,2008/09,2012/13 ,800032008/09
spa:Stammdaten,STS-Stammdaten00000361,80003,ZH: ThaN,Zürich: Theater am Neumarkt,Zürich: Theater Neumarkt,Peter Kastenmüller / Ralf Fiedler,Zürich,ZH,8000,2013/14,2016/17 (ff),800032013/14
spa:Stammdaten,STS-Stammdaten00000362,80005,ZH: ThadW,Zürich: Theater an der Winkelwiese,Zürich: Theater an der Winkelwiese,Maria von Ostfelden,Zürich,ZH,8000,1955/56,1970/71,800051955/56
spa:Stammdaten,STS-Stammdaten00000363,80005,ZH: ThadW,Zürich: Theater an der Winkelwiese,Zürich: Theater an der Winkelwiese,Kollektiv,Zürich,ZH,8000,1971/72,1981/82,800051971/72
spa:Stammdaten,STS-Stammdaten00000364,80005,ZH: ThadW,Zürich: Theater an der Winkelwiese,Zürich: Theater an der Winkelwiese,Margot Gödrös / Hanspeter Müller / Federico Pfaffen,Zürich,ZH,8000,1982/83,1982/83,800051982/83
spa:Stammdaten,STS-Stammdaten00000365,80005,ZH: ThadW,Zürich: Theater an der Winkelwiese,Zürich: Theater an der Winkelwiese,Jean-Pierre Vuilleumier,Zürich,ZH,8000,1983/84,1986/87,800051983/84
spa:Stammdaten,STS-Stammdaten00000366,80005,ZH: ThadW,Zürich: Theater an der Winkelwiese,Zürich: Theater an der Winkelwiese,Jean Grädel,Zürich,ZH,8000,1987/88,1990/91,800051987/88
spa:Stammdaten,STS-Stammdaten00000367,80005,ZH: ThadW,Zürich: Theater an der Winkelwiese,Zürich: Theater an der Winkelwiese,Thea Dumsch / Ulrich Bodamer / Jean Grädel,Zürich,ZH,8000,1991/92,1993/94,800051991/92
spa:Stammdaten,STS-Stammdaten00000368,80005,ZH: ThadW,Zürich: Theater an der Winkelwiese,Zürich: Theater an der Winkelwiese,Jean Grädel / Enzo Scanzi,Zürich,ZH,8000,1994/95,1996/97,800051994/95
spa:Stammdaten,STS-Stammdaten00000369,80005,ZH: ThadW,Zürich: Theater an der Winkelwiese,Zürich: Theater an der Winkelwiese,Enzo Scanzi / Peter-Jakob Kelting,Zürich,ZH,8000,1997/98,1999/00,800051997/98
spa:Stammdaten,STS-Stammdaten00000370,80005,ZH: ThadW,Zürich: Theater an der Winkelwiese,Zürich: Theater an der Winkelwiese,Peter-Jakob Kelting,Zürich,ZH,8000,2000/01,2001/02,800052000/01
spa:Stammdaten,STS-Stammdaten00000371,80005,ZH: ThadW,Zürich: Theater an der Winkelwiese,Zürich: Theater an der Winkelwiese,Stephan Roppel,Zürich,ZH,8000,2002/03,2014/15,800052002/03
spa:Stammdaten,STS-Stammdaten00000372,80005,ZH: ThadW,Zürich: Theater an der Winkelwiese,Zürich: Theater an der Winkelwiese,Manuel Bürgin,Zürich,ZH,8000,2015/16,2016/17 (ff),800052015/16
spa:Stammdaten,STS-Stammdaten00000373,80010,ZH: bel,Zürich: Theater Bel(l)étage,Zürich: Theater Bel(l)étage,Peter Schneider,Zürich,ZH,8000,1978/79,1980/81 (),800101978/79
spa:Stammdaten,STS-Stammdaten00000374,80006,ZH: ThHMW,Zürich: Theater Heddy Maria Wettstein,Zürich: Heddy Maria Wettstein,Heddy Maria Wettstein,Zürich,ZH,8000,,1963/64,80006
spa:Stammdaten,STS-Stammdaten00000375,80006,ZH: ThHMW,Zürich: Theater Heddy Maria Wettstein,Zürich: Zimmertheater Heddy Maria Wettstein,Heddy Maria Wettstein,Zürich,ZH,8000,1963/64,1971/72,800061963/64
spa:Stammdaten,STS-Stammdaten00000376,80006,ZH: ThHMW,Zürich: Theater Heddy Maria Wettstein,Zürich: Theater Heddy Maria Wettstein,Heddy Maria Wettstein,Zürich,ZH,8000,1972/73,1997/98,800061972/73
spa:Stammdaten,STS-Stammdaten00000377,80006,ZH: ThHMW,Zürich: Theater Heddy Maria Wettstein,Zürich: Theater Heddy Maria Wettstein (unterwegs),Heddy Maria Wettstein,Zürich,ZH,8000,1998/99,2001/02,800061998/99
spa:Stammdaten,STS-Stammdaten00000378,80012,ZH: Stok,Zürich: Theater Stok,Zürich: Kammertheater Stok,Zbigniew Stok,Zuerich,ZH,8000,1969/70,1971/72,800121969/70
spa:Stammdaten,STS-Stammdaten00000379,80012,ZH: Stok,Zürich: Theater Stok,Zürich: Kammertheater Stok,"Zbigniew Stok, Erica Hänssler",Zuerich,ZH,8000,1972/73,1989/90,800121972/73
spa:Stammdaten,STS-Stammdaten00000380,80012,ZH: Stok,Zürich: Theater Stok,Zürich: Kammertheater Stok,Erica Hänssler,Zuerich,ZH,8000,1990/91,1991/92,800121990/91
spa:Stammdaten,STS-Stammdaten00000381,80012,ZH: Stok,Zürich: Theater Stok,Zürich: Theater Stok,"Erica Hänssler, Peter Doppelfeld",Zuerich,ZH,8000,1992/93,2015/16 (ff),800121992/93
spa:Stammdaten,STS-Stammdaten00000382,80012,ZH: Stok,Zürich: Theater Stok,Zürich: Theater Stok,Peter Doppelfeld,Zuerich,ZH,8000,2016/17,2016/17 (ff),800122016/17
spa:Stammdaten,STS-Stammdaten00000383,80013,ZH: Gessner,Zürich: Theaterhaus Gessnerallee,Zürich: Theaterhaus Gessnerallee,"Hildegard Kraus, Christoph Meury, Ruedi Schärer, Jürg Woodtli",Zürich,ZH,8000,1989/90,1996/97,800131989/90
spa:Stammdaten,STS-Stammdaten00000384,80013,ZH: Gessner,Zürich: Theaterhaus Gessnerallee,Zürich: Theaterhaus Gessnerallee,"Jean Grädel, Armin Kerber",Zürich,ZH,8000,1997/98,2003/04,800131997/98
spa:Stammdaten,STS-Stammdaten00000385,80013,ZH: Gessner,Zürich: Theaterhaus Gessnerallee,Zürich: Theaterhaus Gessnerallee,Nils Ewerbeck,Zürich,ZH,8000,2004/05,2011/12,800132004/05
spa:Stammdaten,STS-Stammdaten00000386,80013,ZH: Gessner,Zürich: Theaterhaus Gessnerallee,Zürich: Theaterhaus Gessnerallee,Roger Merguin,Zürich,ZH,8000,2012/13,2016/17 (ff),800132012/13
